id,conversation_id,created_at,date,time,timezone,user_id,username,name,place,tweet,language,mentions,urls,photos,replies_count,retweets_count,likes_count,hashtags,cashtags,link,retweet,quote_url,video,thumbnail,near,geo,source,user_rt_id,user_rt,retweet_id,reply_to,retweet_date,translate,trans_src,trans_dest
1384088903049568261,1384088903049568261,2021-04-19 15:48:04 India Standard Time,2021-04-19,15:48:04,+0530,3234739430,_ksolves,Ksolves India Ltd,,Have a look at the 3 types of #ArtificialIntelligence for better decision-making and smooth integration! üìß sales@ksolves.com üìû +91 8130704295 üåê  https://t.co/34RRw9FIVO  #artificialintelligencetechnology #artificialintelligencetypes #ai #ksolves #ksolvesindia #aiservices  https://t.co/087xBtigSK,en,[],['https://bit.ly/3tuVEDK'],['https://pbs.twimg.com/media/EzVEzW_UcAIirVl.jpg'],0,0,0,"['artificialintelligence', 'artificialintelligencetechnology', 'artificialintelligencetypes', 'ai', 'ksolves', 'ksolvesindia', 'aiservices']",[],https://twitter.com/_Ksolves/status/1384088903049568261,False,,1,https://pbs.twimg.com/media/EzVEzW_UcAIirVl.jpg,,,,,,,[],,,,
1384088889116168204,1384088889116168204,2021-04-19 15:48:00 India Standard Time,2021-04-19,15:48:00,+0530,884022229,harbrimah,Rimah Harb,,3 Ways Artificial Intelligence Is Changing Our World  https://t.co/nhI48yyleg #MachineLearning #DataScience #startup #Python #AI #IoT #flutter #javascript #Serverless #CyberSecurity #innovation #DDoS #DeepLearning #Digital #COVID19 #data #RPA #5G #tech #ArtificialIntelligence,en,[],['https://www.businessbecause.com/news/masters-in-management/7562/artificial-intelligence-changing-our-world?sponsored'],[],0,4,0,"['machinelearning', 'datascience', 'startup', 'python', 'ai', 'iot', 'flutter', 'javascript', 'serverless', 'cybersecurity', 'innovation', 'ddos', 'deeplearning', 'digital', 'covid19', 'data', 'rpa', '5g', 'tech', 'artificialintelligence']",[],https://twitter.com/HarbRimah/status/1384088889116168204,False,,0,,,,,,,,[],,,,
1384088737127165952,1384088737127165952,2021-04-19 15:47:24 India Standard Time,2021-04-19,15:47:24,+0530,1382261650724696066,nibabilathearmy,Babila Fonyuy,,My Core Competence üë®üèΩ‚Äçüîß Industrial Metrology Process Automation Industrial Maintenance Weight and Measures Calibration Volumetric and Flow Calibration  Power Generation #ArtificialIntelligence #construction #DataScience #engineer #Cameroon  https://t.co/EHddNc0gi1,en,[],[],['https://pbs.twimg.com/media/EzVFWuZUYAEcTOe.jpg'],0,0,1,"['artificialintelligence', 'construction', 'datascience', 'engineer', 'cameroon']",[],https://twitter.com/NiBabilathearmy/status/1384088737127165952,False,,1,https://pbs.twimg.com/media/EzVFWuZUYAEcTOe.jpg,,,,,,,[],,,,
1384088692550078468,1384088692550078468,2021-04-19 15:47:14 India Standard Time,2021-04-19,15:47:14,+0530,1133319467621081089,datastorage2,Data Storage,,Implying AI in Business to Evolve from Minimum to Million #ArtificialIntelligence via  https://t.co/mxp4KvycJy  https://t.co/Pv2hQFy7JR,en,[],"['http://twinybots.ch', 'https://www.analyticsinsight.net/implying-ai-in-business-to-evolve-from-minimum-to-million/']",[],0,0,0,['artificialintelligence'],[],https://twitter.com/DataStorage2/status/1384088692550078468,False,,0,,,,,,,,[],,,,
1384088669041033219,1384088669041033219,2021-04-19 15:47:08 India Standard Time,2021-04-19,15:47:08,+0530,1318083278646185985,techuncorked_,The TechUncorked Podcast,,"Sarah (@grattongirl) and Dean (@grattonboy) talk about #ArtificialIntelligence and how we plan to approach it in our new book, which is being published by @routledgebooks and will be out next year.  https://t.co/AAiuMufdSc   #ML #AI #Podcast @TechUncorked_  https://t.co/LXB87eg9jJ",en,"[{'screen_name': 'grattongirl', 'name': 'sarah-jayne gratton', 'id': '16615594'}, {'screen_name': 'grattonboy', 'name': 'dean anthony gratton', 'id': '36912323'}, {'screen_name': 'routledgebooks', 'name': 'routledge books', 'id': '67060449'}, {'screen_name': 'techuncorked_', 'name': 'the techuncorked podcast', 'id': '1318083278646185985'}]",['https://techuncorked.buzzsprout.com/1432915/8361016'],['https://pbs.twimg.com/media/EzVFQf5VIAA9KQU.jpg'],0,3,3,"['artificialintelligence', 'ml', 'ai', 'podcast']",[],https://twitter.com/TechUncorked_/status/1384088669041033219,False,,1,https://pbs.twimg.com/media/EzVFQf5VIAA9KQU.jpg,,,,,,,[],,,,
1384088659771551749,1384088659771551749,2021-04-19 15:47:06 India Standard Time,2021-04-19,15:47:06,+0530,136586525,airccfp,Aircccfp,,"10th International Conference on Soft Computing, Artificial Intelligence and Applications (SAI¬†2021)  https://t.co/5B99VZkroY",en,[],['https://cfptech.wordpress.com/2021/04/19/10th-international-conference-on-soft-computing-artificial-intelligence-and-applications-sai-2021-16/'],[],0,1,0,[],[],https://twitter.com/AIRCCFP/status/1384088659771551749,False,,0,,,,,,,,[],,,,
1384088477667495939,1384088477667495939,2021-04-19 15:46:22 India Standard Time,2021-04-19,15:46:22,+0530,1021322525287026688,machinelearntec,Machine Learning,,Facebook Deepfake Ban Policy: Benefits And Loopholes  https://t.co/ztw2tQt3Ek Via  @automeme  #AI #ArtificialIntelligence #Facebook #Deepfake #tech #Policy #socialMedia #Ethics  @vishne0  @joana_ut   @jblefevre60   @m_learningnews   Read More &gt;&gt;,en,"[{'screen_name': 'automeme', 'name': 'automeme', 'id': '1019916306160799745'}, {'screen_name': 'vishne0', 'name': 'vishal sharma', 'id': '443557785'}, {'screen_name': 'joana_ut', 'name': 'joana utrera', 'id': '843280014'}, {'screen_name': 'jblefevre60', 'name': 'jean-baptiste lefevre', 'id': '4374719908'}, {'screen_name': 'm_learningnews', 'name': 'machine learning', 'id': '2585917969'}]",['https://autome.me/facebook-deepfake-ban-policy-benefits-and-loopholes/'],[],0,0,0,"['ai', 'artificialintelligence', 'facebook', 'deepfake', 'tech', 'policy', 'socialmedia', 'ethics']",[],https://twitter.com/machinelearnTec/status/1384088477667495939,False,,0,,,,,,,,[],,,,
1384088285966831624,1384088285966831624,2021-04-19 15:45:37 India Standard Time,2021-04-19,15:45:37,+0530,1021322525287026688,machinelearntec,Machine Learning,,How Can Small Businesses Benefit from AI?  https://t.co/t4QAaZnYdQ   @johnnosta  @terence_mills  @maria_axente  @irmaraste  @terence_mills  @Stevewal63  @ML_today  #SmallBusiness #SmallBiz #ArtificialIntelligence #DigitalMarketing #RemoteWork #B2B #B2C #AI #Marketing,en,"[{'screen_name': 'johnnosta', 'name': 'john nosta', 'id': '19711691'}, {'screen_name': 'terence_mills', 'name': 'terence mills Áâπ‰º¶ÊñØÁ±≥Â∞îÊñØ', 'id': '722592726'}, {'screen_name': 'maria_axente', 'name': 'maria luciana axente', 'id': '16556796'}, {'screen_name': 'irmaraste', 'name': '\U0001f7e3 irma raste‚ú® influence through storytelling ‚Ñ¢', 'id': '20163762'}, {'screen_name': 'terence_mills', 'name': 'terence mills Áâπ‰º¶ÊñØÁ±≥Â∞îÊñØ', 'id': '722592726'}, {'screen_name': 'stevewal63', 'name': 'steve waldron üíô', 'id': '175433916'}, {'screen_name': 'ml_today', 'name': 'machinelearningtoday', 'id': '880407847690829824'}]",['https://news.northeastern.edu/2021/04/15/how-can-small-businesses-benefit-from-artificial-intelligence/'],[],0,2,0,"['smallbusiness', 'smallbiz', 'artificialintelligence', 'digitalmarketing', 'remotework', 'b2b', 'b2c', 'ai', 'marketing']",[],https://twitter.com/machinelearnTec/status/1384088285966831624,False,,0,,,,,,,,[],,,,
1384088250243944455,1384087613221478401,2021-04-19 15:45:28 India Standard Time,2021-04-19,15:45:28,+0530,1365961470429835265,danield73126754,Daniel day-Lewis,,"@BitcoinKafe üéÅ 24% of companies expect to invest between 5 and 10 million USD in blockchain during 2021. Not in cryptocurrency, but blockchain. @Libonomy, the world‚Äôs fastest blockchain will be one of the beneficiaries. üí∞  #artificialintelligence #machincelearning #Libonomy #blockchain",en,"[{'screen_name': 'libonomy', 'name': 'libonomy', 'id': '1261556561702531075'}]",[],[],0,0,0,"['artificialintelligence', 'machincelearning', 'libonomy', 'blockchain']",[],https://twitter.com/Danield73126754/status/1384088250243944455,False,,0,,,,,,,,"[{'screen_name': 'BitcoinKafe', 'name': 'Kripto Para Forum', 'id': '1353761464977416194'}]",,,,
1384088214063882241,1384088214063882241,2021-04-19 15:45:20 India Standard Time,2021-04-19,15:45:20,+0530,215938935,rosmiman,ROSMIMAN¬Æ #WeNeverStopInnovating,,#NoticiasdeNuestrosClientes   #MachineLearning #AI #ArtificialIntelligence #SmartPorts,und,[],[],[],0,0,0,"['noticiasdenuestrosclientes', 'machinelearning', 'ai', 'artificialintelligence', 'smartports']",[],https://twitter.com/Rosmiman/status/1384088214063882241,False,https://twitter.com/portofbarcelona/status/1384031509821198336,0,,,,,,,,[],,,,
1384088204920246281,1384088204920246281,2021-04-19 15:45:17 India Standard Time,2021-04-19,15:45:17,+0530,49534652,sajidmirza,Sajid Mirza,,Implying AI in Business to Evolve from Minimum to Million #ArtificialIntelligence via  https://t.co/bDTgBUrl56  https://t.co/r7EcNlTClX,en,[],"['http://twinybots.ch', 'https://www.analyticsinsight.net/implying-ai-in-business-to-evolve-from-minimum-to-million/']",[],0,0,0,['artificialintelligence'],[],https://twitter.com/sajidmirza/status/1384088204920246281,False,,0,,,,,,,,[],,,,
1384088203766894594,1384088203766894594,2021-04-19 15:45:17 India Standard Time,2021-04-19,15:45:17,+0530,776724971502444544,pawansomanchi,Pawan,,Where is debt collection heading in India? Towards less muscle and more AI #ArtificialIntelligence via  https://t.co/cBj7YRO2k1  https://t.co/fae9szWnxL,en,[],"['http://twinybots.ch', 'https://www.livemint.com/news/india/where-is-debt-collection-heading-in-india-towards-less-muscle-and-more-artificial-intelligence-11618789552929.html']",[],0,1,0,['artificialintelligence'],[],https://twitter.com/PawanSomanchi/status/1384088203766894594,False,,0,,,,,,,,[],,,,
1384088202625966080,1384088202625966080,2021-04-19 15:45:17 India Standard Time,2021-04-19,15:45:17,+0530,278769230,ramcorbin,Ram Corbin,,How to Drive your Data Science and AI Projects in Post-Pandemic Era? #ArtificialIntelligence via  https://t.co/a1ZnCCEU0x  https://t.co/1BmZSYW2SZ,en,[],"['http://twinybots.ch', 'https://www.analyticsinsight.net/how-to-drive-your-data-science-and-ai-projects-in-post-pandemic-era/']",[],0,1,0,['artificialintelligence'],[],https://twitter.com/Ramcorbin/status/1384088202625966080,False,,0,,,,,,,,[],,,,
1384088198884642833,1384088198884642833,2021-04-19 15:45:16 India Standard Time,2021-04-19,15:45:16,+0530,118395559,tommyhauer,What is Onpassive?,,#tommyHauer (Suzanne and Sharon Interview with UK LEADER ...) - #bigdata #onpassivefounderregistration #socialbookmarking #socialinnovation #Advertising #AI #ArtificialIntelligence #Artificialintelligence  https://t.co/a7FJu7TZRr @PaulSamuelson13  #onpassive member of #gofounders  https://t.co/N4iktgRk4a,en,"[{'screen_name': 'paulsamuelson13', 'name': 'paul samuelson', 'id': '2568625724'}]",['https://tommyhauer.nl/suzanne-and-sharon-interview-with-uk-leader-red-redfern/'],['https://pbs.twimg.com/media/EzVE4bRUUAM31Lb.jpg'],0,0,0,"['tommyhauer', 'bigdata', 'onpassivefounderregistration', 'socialbookmarking', 'socialinnovation', 'advertising', 'ai', 'artificialintelligence', 'artificialintelligence', 'onpassive', 'gofounders']",[],https://twitter.com/tommyhauer/status/1384088198884642833,False,,1,https://pbs.twimg.com/media/EzVE4bRUUAM31Lb.jpg,,,,,,,[],,,,
1384088182887575553,1384088182887575553,2021-04-19 15:45:12 India Standard Time,2021-04-19,15:45:12,+0530,1021322525287026688,machinelearntec,Machine Learning,,"Ping An's AskBob Doctor Top-ranked in Global Artificial Intelligence Competition, Supporting Research, Diagnoses and Treatment Decisions - PRNewswire   https://t.co/dQKVrvQc5K  #ArtificialIntelligence #AI #DataScience #100DaysOfCode #Python #MachineLearning #BigD‚Ä¶",en,[],['https://ift.tt/2RN5e6X'],[],0,4,2,"['artificialintelligence', 'ai', 'datascience', '100daysofcode', 'python', 'machinelearning', 'bigd']",[],https://twitter.com/machinelearnTec/status/1384088182887575553,False,,0,,,,,,,,[],,,,
1384088180106752000,1384088180106752000,2021-04-19 15:45:11 India Standard Time,2021-04-19,15:45:11,+0530,1098900320275652608,firmforum,Small_Firm_Forum,,AI Transformation Toward the Future of Health #Transformation #artificialintelligence #health via  https://t.co/q8WLVQmjC3  https://t.co/HRhz0VLDDD,en,[],"['http://twinybots.ch', 'https://www2.deloitte.com/us/en/events/industries-dbriefs-webcasts/2021/ai-future-health.html']",[],0,0,0,"['transformation', 'artificialintelligence', 'health']",[],https://twitter.com/FirmForum/status/1384088180106752000,False,,0,,,,,,,,[],,,,
1384088087890829321,1384088087890829321,2021-04-19 15:44:49 India Standard Time,2021-04-19,15:44:49,+0530,1021322525287026688,machinelearntec,Machine Learning,,3 Ways Artificial Intelligence Is Changing Our World - BusinessBecause   https://t.co/QUayPeWLNo  #ArtificialIntelligence #AI #DataScience #100DaysOfCode #Python #MachineLearning #BigData #DeepLearning #NLP #Robots #IoT,en,[],['https://ift.tt/3egPWP9'],[],0,5,3,"['artificialintelligence', 'ai', 'datascience', '100daysofcode', 'python', 'machinelearning', 'bigdata', 'deeplearning', 'nlp', 'robots', 'iot']",[],https://twitter.com/machinelearnTec/status/1384088087890829321,False,,0,,,,,,,,[],,,,
1384088039249510405,1383935709598285824,2021-04-19 15:44:38 India Standard Time,2021-04-19,15:44:38,+0530,994128718527451136,marmor40d,Marleen Dingenouts,,@Ms919181 Already happening and future prospect? recommendable to watch: a (complete insane imo) scientist explains:  DNA FREQUENCY BIOWEAPON LINKS TARGETED INDIVIDUALS TO ARTIFICIAL INTELLIGENCE.    https://t.co/FFONouuIc6,en,[],['https://youtu.be/iEgZQgP9SMs'],[],0,2,0,[],[],https://twitter.com/marmor40d/status/1384088039249510405,False,,0,,,,,,,,"[{'screen_name': 'Ms919181', 'name': 'üïäüñ§', 'id': '1248316628204498947'}]",,,,
1384088021293694980,1384088021293694980,2021-04-19 15:44:34 India Standard Time,2021-04-19,15:44:34,+0530,1383828248048529412,mockencounter,Encounter Mock,,"@kfc lovers from coast-to-coast to chat all things chicken with Colonel Sanders himself, including re-ordering their favorite KFC.  https://t.co/fMeBxBYIYq ¬† ¬†#QSR #KFC #ArtificialIntelligence",en,[],['https://www.newswire.ca/news-releases/kfc-canada-re-creates-the-voice-of-colonel-sanders-using-aws-ai-technology-891465072.html'],[],0,0,0,"['qsr', 'kfc', 'artificialintelligence']",[],https://twitter.com/mockencounter/status/1384088021293694980,False,,0,,,,,,,,[],,,,
1384088011973922820,1384088011973922820,2021-04-19 15:44:31 India Standard Time,2021-04-19,15:44:31,+0530,884022229,harbrimah,Rimah Harb,,Check out AMOM an AI powered ETF  https://t.co/ORV3ufGJuN   #ETF #ETFs #ArtificialIntelligence #AI #DataScience #tech,en,[],['https://www.etftrends.com/smart-beta-channel/ai-powered-etf-look-no-further-than-amom/'],[],0,2,1,"['etf', 'etfs', 'artificialintelligence', 'ai', 'datascience', 'tech']",[],https://twitter.com/HarbRimah/status/1384088011973922820,False,,0,,,,,,,,[],,,,
1384087997755256833,1384087997755256833,2021-04-19 15:44:28 India Standard Time,2021-04-19,15:44:28,+0530,1339138552773406720,monacotv,Principaut√© de Monaco TV,,Start to promote your products and services on Principaut√© de Monaco TV and reach over 7 million potential customers. With our #Artificialintelligence you can reach 400% conversion.  &gt;&gt;  Inquiry:  https://t.co/DzncN9KTRb #advertising #shopping #tvchannel #marketing #MonteCarlo  https://t.co/u1sh9I71NU,en,[],['https://c4l.us/us023'],[],0,0,0,"['artificialintelligence', 'advertising', 'shopping', 'tvchannel', 'marketing', 'montecarlo']",[],https://twitter.com/MonacoTv/status/1384087997755256833,False,,1,https://pbs.twimg.com/ext_tw_video_thumb/1384087919657246724/pu/img/ijL1HkTx_EgCxcih.jpg,,,,,,,[],,,,
1384087988439711746,1384087988439711746,2021-04-19 15:44:26 India Standard Time,2021-04-19,15:44:26,+0530,1021322525287026688,machinelearntec,Machine Learning,,AI safety system offers autonomous vehicle drivers seven seconds warning #ArtificialIntelligence #AI #DataScience #100DaysOfCode #Python #MachineLearning #BigData #DeepLearning #NLP #Robots #IoT   https://t.co/6bYT16u8ji,en,[],['https://www.intelligenttransport.com/transport-news/120436/ai-safety-system/'],[],0,7,4,"['artificialintelligence', 'ai', 'datascience', '100daysofcode', 'python', 'machinelearning', 'bigdata', 'deeplearning', 'nlp', 'robots', 'iot']",[],https://twitter.com/machinelearnTec/status/1384087988439711746,False,,0,,,,,,,,[],,,,
1384087917627252742,1384087917627252742,2021-04-19 15:44:09 India Standard Time,2021-04-19,15:44:09,+0530,714266588,shoppingworldtv,Shopping World TV,,Start to promote your products and services on Principaut√© de Monaco TV and reach over 7 million potential customers. With our #Artificialintelligence you can reach 400% conversion.  &gt;&gt;  Inquiry:  https://t.co/9BjKBxNbYx #advertising #shopping #tvchannel #marketing #MonteCarlo  https://t.co/0tlNyg5x3x,en,[],['https://c4l.us/us023'],[],0,0,0,"['artificialintelligence', 'advertising', 'shopping', 'tvchannel', 'marketing', 'montecarlo']",[],https://twitter.com/ShoppingWorldTV/status/1384087917627252742,False,,1,https://pbs.twimg.com/ext_tw_video_thumb/1384087838380101632/pu/img/nVWJ6X2injbL6VEV.jpg,,,,,,,[],,,,
1384087844008861705,1384087844008861705,2021-04-19 15:43:51 India Standard Time,2021-04-19,15:43:51,+0530,23361712,jduch,Jaume Duch,,This week:  üìåCOFOE: unveiling of online citizens' platform  üìå@EP_Environment pushes for ambitious EU climate law in negotiations with Council  üìå@EP_Legal quizzes @ThierryBreton on artificial intelligence legislation   Details‚§µÔ∏è  https://t.co/zjHBhFXoor,en,"[{'screen_name': 'ep_environment', 'name': 'envi committee press', 'id': '951333319'}, {'screen_name': 'ep_legal', 'name': 'juri committee press', 'id': '1225071811'}, {'screen_name': 'thierrybreton', 'name': 'thierry breton', 'id': '785411705916559360'}]",['https://bit.ly/2QcGIeQ'],[],0,5,1,[],[],https://twitter.com/jduch/status/1384087844008861705,False,,0,,,,,,,,[],,,,
1384087748265402374,1384087748265402374,2021-04-19 15:43:28 India Standard Time,2021-04-19,15:43:28,+0530,1021322525287026688,machinelearntec,Machine Learning,,#ArtificialIntelligence &amp; #Whiskey Making: The Perfect Blend?  @BernardMarr   via  @Forbes  #AI  @IanLJones98 @RitupaGhosh @RagusoSergio @Dahl_Consult @avrohomg @Nicochan33 @DeepLearn007@smaksked @AkwyZ @FrRonconi @ravidugh @sallyeaves @NevilleGaunt   https://t.co/S5qH8cLMtt...,en,"[{'screen_name': 'bernardmarr', 'name': 'bernard marr', 'id': '108286674'}, {'screen_name': 'forbes', 'name': 'forbes', 'id': '91478624'}, {'screen_name': 'ianljones98', 'name': 'ian jones', 'id': '55230288'}, {'screen_name': 'ritupaghosh', 'name': 'rituparna ghosh', 'id': '1177891054080544769'}, {'screen_name': 'ragusosergio', 'name': 'sergio_raguso üåê', 'id': '1106610379323523076'}, {'screen_name': 'dahl_consult', 'name': 'ùóñùóÆùóøùó∫ùó≤ùóª ùóóùóÆùóµùóπ üî∏', 'id': '1091996470402867201'}, {'screen_name': 'avrohomg', 'name': 'avrohom gottheil üá∫üá∏', 'id': '87629909'}, {'screen_name': 'nicochan33', 'name': 'nicolas babin', 'id': '19284888'}, {'screen_name': 'akwyz', 'name': '\U0001f7e3 antonio vieira santos #hm21', 'id': '19485870'}, {'screen_name': 'frronconi', 'name': 'franco ronconi üáÆüáπ', 'id': '1409726425'}, {'screen_name': 'ravidugh', 'name': 'ravi dugh', 'id': '1017816919980769280'}, {'screen_name': 'sallyeaves', 'name': 'dr. sally eaves', 'id': '3131243261'}, {'screen_name': 'nevillegaunt', 'name': 'neville gaunt üí°üí°üí°', 'id': '351408233'}]",['https://forbes.com/sites/bernardmarr/2021/04/16/artificial-intelligence-and-whisky-making-the-perfect-blend/?sh=44108320942b'],[],0,1,0,"['artificialintelligence', 'whiskey', 'ai']",[],https://twitter.com/machinelearnTec/status/1384087748265402374,False,,0,,,,,,,,[],,,,
1384087704858554368,1384087704858554368,2021-04-19 15:43:18 India Standard Time,2021-04-19,15:43:18,+0530,965302152800407553,successanalytix,SAX,,The Science of Success    https://t.co/5uYJg4vChY  #Microsoft #AI #textpredictions #Word #success  #ArtificialIntelligence #DeepLearning #DataScience #javascript #serverless #WomenInTech #python #Linux #Flutter #TensorFlow #PyTorch #IoT #FutureOfWork #av  https://t.co/xLM2Or96cD,en,[],"['http://successanalytics.blogspot.com', 'https://www.amazon.com/Jerry-Ramonyai/e/B08NPZKJ7J/ref=dp_byline_cont_ebooks_1']",[],0,9,1,"['microsoft', 'ai', 'textpredictions', 'word', 'success', 'artificialintelligence', 'deeplearning', 'datascience', 'javascript', 'serverless', 'womenintech', 'python', 'linux', 'flutter', 'tensorflow', 'pytorch', 'iot', 'futureofwork', 'av']",[],https://twitter.com/SuccessAnalytiX/status/1384087704858554368,False,,0,,,,,,,,[],,,,
1384087659836895234,1384087659836895234,2021-04-19 15:43:07 India Standard Time,2021-04-19,15:43:07,+0530,965302152800407553,successanalytix,SAX,,The Science of Success    https://t.co/5uYJg4vChY  #ArtificialIntelligence #MachineLearning #Python  #AI #DeepLearning #BigData  #DataMining #Algorithms #javascript #java #linux #serverless #Rstats #womenwhocode #ComputerVision #PredictiveAnalytics #av  https://t.co/xLM2Or96cD,en,[],"['http://successanalytics.blogspot.com', 'https://www.amazon.com/Jerry-Ramonyai/e/B08NPZKJ7J/ref=dp_byline_cont_ebooks_1']",[],0,4,1,"['artificialintelligence', 'machinelearning', 'python', 'ai', 'deeplearning', 'bigdata', 'datamining', 'algorithms', 'javascript', 'java', 'linux', 'serverless', 'rstats', 'womenwhocode', 'computervision', 'predictiveanalytics', 'av']",[],https://twitter.com/SuccessAnalytiX/status/1384087659836895234,False,,0,,,,,,,,[],,,,
1384087597702516736,1384087597702516736,2021-04-19 15:42:53 India Standard Time,2021-04-19,15:42:53,+0530,472650465,otcdynamics,"OTC Dynamics, Inc.",,"$RDNT RadNet‚Äôs Artificial Intelligence Subsidiary, DeepHealth, Announces FDA Clearance for its AI Mammography Triage Software  https://t.co/DCGIDOkQBu",en,[],['https://www.otcdynamics.com/rdnt-radnets-artificial-intelligence-subsidiary-deephealth-announces-fda-clearance-for-its-ai-mammography-triage-software/?utm_campaign=twitter&utm_medium=twitter&utm_source=twitter'],[],0,2,0,[],['rdnt'],https://twitter.com/otcdynamics/status/1384087597702516736,False,,0,,,,,,,,[],,,,
1384087570166915081,1384087570166915081,2021-04-19 15:42:46 India Standard Time,2021-04-19,15:42:46,+0530,965302152800407553,successanalytix,SAX,,The Science of Success    https://t.co/5uYJg4vChY  #diversity #experience #tech  #ArtificialIntelligence  #hackathon   @UNESCO #Sustainability  #AI #edutwitter #stem #GirlsWhoCode #CodeNewbie #Python #womenintech #education #SDGs #AnalytiX #techforgood #av  https://t.co/xLM2Or96cD,en,"[{'screen_name': 'unesco', 'name': 'unesco üèõÔ∏è #education #sciences #culture üá∫üá≥üò∑', 'id': '20646711'}]","['http://successanalytics.blogspot.com', 'https://www.amazon.com/Jerry-Ramonyai/e/B08NPZKJ7J/ref=dp_byline_cont_ebooks_1']",[],0,5,1,"['diversity', 'experience', 'tech', 'artificialintelligence', 'hackathon', 'sustainability', 'ai', 'edutwitter', 'stem', 'girlswhocode', 'codenewbie', 'python', 'womenintech', 'education', 'sdgs', 'analytix', 'techforgood', 'av']",[],https://twitter.com/SuccessAnalytiX/status/1384087570166915081,False,,0,,,,,,,,[],,,,
1384087448834121732,1384087448834121732,2021-04-19 15:42:17 India Standard Time,2021-04-19,15:42:17,+0530,967337969945382912,rasa_bocyte,Rasa Boƒçytƒó,,Tomorrow I'll be talking at the monthly @ai4lam community call about the @ReTV_EU project and using #artificialintelligence in #GLAMs to increase #access to #audiovisual collections  https://t.co/Jd0VimAjbw,en,"[{'screen_name': 'ai4lam', 'name': 'ai4lam', 'id': '1382001002426073089'}, {'screen_name': 'retv_eu', 'name': 'retv project', 'id': '929284876146266112'}]",['https://sites.google.com/view/ai4lam'],[],0,0,0,"['artificialintelligence', 'glams', 'access', 'audiovisual']",[],https://twitter.com/rasa_bocyte/status/1384087448834121732,False,,0,,,,,,,,[],,,,
1384087419100663809,1384087419100663809,2021-04-19 15:42:10 India Standard Time,2021-04-19,15:42:10,+0530,1021322525287026688,machinelearntec,Machine Learning,,Patent Considerations for Optimizing Immunotherapies with the Help of Artificial Intelligence - Lexology   https://t.co/67GIgEFQCe  #ArtificialIntelligence #AI #DataScience #100DaysOfCode #Python #MachineLearning #BigData #DeepLearning #NLP #Robots #IoT,en,[],['https://ift.tt/3n06fUB'],[],0,8,4,"['artificialintelligence', 'ai', 'datascience', '100daysofcode', 'python', 'machinelearning', 'bigdata', 'deeplearning', 'nlp', 'robots', 'iot']",[],https://twitter.com/machinelearnTec/status/1384087419100663809,False,,0,,,,,,,,[],,,,
1384087405418848257,1384087405418848257,2021-04-19 15:42:07 India Standard Time,2021-04-19,15:42:07,+0530,702292079444013056,houston__ai,Artificial Intelligence in Houston,,"Ping An's AskBob Doctor Top-ranked in Global Artificial Intelligence Competition, Supporting Research, Diagnoses and Treatment Decisions - PRNewswire  https://t.co/q1hEBpbFFa #Houston #ArtificialIntelligence #AI",en,[],['https://hukum.blog/ext/57/https://www.prnewswire.com/news-releases/ping-ans-askbob-doctor-top-ranked-in-global-artificial-intelligence-competition-supporting-research-diagnoses-and-treatment-decisions-301271357.html'],[],0,2,0,"['houston', 'artificialintelligence', 'ai']",[],https://twitter.com/Houston__AI/status/1384087405418848257,False,,0,,,,,,,,[],,,,
1384087400754802693,1384087400754802693,2021-04-19 15:42:06 India Standard Time,2021-04-19,15:42:06,+0530,702292079444013056,houston__ai,Artificial Intelligence in Houston,,3 Ways Artificial Intelligence Is Changing Our World - BusinessBecause  https://t.co/6kTN2PMVZO #Houston #ArtificialIntelligence #AI,en,[],['https://hukum.blog/ext/57/https://www.businessbecause.com/news/masters-in-management/7562/artificial-intelligence-changing-our-world?sponsored'],[],0,2,0,"['houston', 'artificialintelligence', 'ai']",[],https://twitter.com/Houston__AI/status/1384087400754802693,False,,0,,,,,,,,[],,,,
1384087396904439811,1384087396904439811,2021-04-19 15:42:05 India Standard Time,2021-04-19,15:42:05,+0530,702292079444013056,houston__ai,Artificial Intelligence in Houston,,"RadNet's Artificial Intelligence Subsidiary, DeepHealth, Announces FDA Clearance for its AI Mammography Triage Software - GlobeNewswire  https://t.co/U43VpsLIYl #Houston #ArtificialIntelligence #AI",en,[],['https://hukum.blog/ext/57/https://www.globenewswire.com/news-release/2021/04/19/2212154/10985/en/RadNet-s-Artificial-Intelligence-Subsidiary-DeepHealth-Announces-FDA-Clearance-for-its-AI-Mammography-Triage-Software.html'],[],0,2,0,"['houston', 'artificialintelligence', 'ai']",[],https://twitter.com/Houston__AI/status/1384087396904439811,False,,0,,,,,,,,[],,,,
1384087388301840388,1384087388301840388,2021-04-19 15:42:03 India Standard Time,2021-04-19,15:42:03,+0530,3383587300,shoppingdubaitv,Shopping Dubai TV,,Start to promote your products and services on Principaut√© de Monaco TV and reach over 7 million potential customers. With our #Artificialintelligence you can reach 400% conversion.  &gt;&gt;  Inquiry:  https://t.co/Men9eMy2c0 #advertising #shopping #tvchannel #marketing #MonteCarlo  https://t.co/BVBa81PajH,en,[],['https://c4l.us/us023'],[],0,0,0,"['artificialintelligence', 'advertising', 'shopping', 'tvchannel', 'marketing', 'montecarlo']",[],https://twitter.com/ShoppingDubaiTV/status/1384087388301840388,False,,1,https://pbs.twimg.com/ext_tw_video_thumb/1384087312733130755/pu/img/0RcrjHkpzv_tD2ve.jpg,,,,,,,[],,,,
1384087388155125768,1384087388155125768,2021-04-19 15:42:03 India Standard Time,2021-04-19,15:42:03,+0530,815169124322201600,datascience__,Data science,,Artificial intelligence can help spot traces of natural selection | | Imperial College London  https://t.co/ZPeMuTPFUX  #ArtificialIntelligence,en,[],['https://www.imperial.ac.uk/news/217873/artificial-intelligence-help-spot-traces-natural/'],[],0,2,0,['artificialintelligence'],[],https://twitter.com/Datascience__/status/1384087388155125768,False,,0,,,,,,,,[],,,,
1384087369695993859,1384087369695993859,2021-04-19 15:41:58 India Standard Time,2021-04-19,15:41:58,+0530,837341223694249984,nordicinst,Nordic AI Artificial Intelligence Institute,,Immigration Policies An Ongoing Concern To AI Researchers. #industry40 #aiforgood #deeplearning  https://t.co/IgD5pDcKhr,en,[],['https://www.unite.ai/immigration-policies-an-ongoing-concern-to-ai-researchers/'],[],0,0,2,"['industry40', 'aiforgood', 'deeplearning']",[],https://twitter.com/nordicinst/status/1384087369695993859,False,,0,,,,,,,,[],,,,
1384087365342220290,1384087365342220290,2021-04-19 15:41:57 India Standard Time,2021-04-19,15:41:57,+0530,1296953611088351232,aifeeds,A.I. Smartable,,"#News: Global Vehicle Speech Recognition System Market Outlook, Industry Analysis and Prospect 2021-2026 #NLP #artificialintelligence #AI  https://t.co/CQeBQunoDb  https://t.co/PGk0sfY6kk",en,[],['https://www.marketwatch.com/press-release/global-vehicle-speech-recognition-system-market-outlook-industry-analysis-and-prospect-2021-2026-2021-04-19'],['https://pbs.twimg.com/media/EzVEHzwVkAEV0t3.jpg'],0,0,1,"['news', 'nlp', 'artificialintelligence', 'ai']",[],https://twitter.com/AIFeeds/status/1384087365342220290,False,,1,https://pbs.twimg.com/media/EzVEHzwVkAEV0t3.jpg,,,,,,,[],,,,
1384087314746335236,1384087314746335236,2021-04-19 15:41:45 India Standard Time,2021-04-19,15:41:45,+0530,1285839461322874881,mustinvestnews,MUST Investment News,,#ArtificialIntelligence Policy and Funding in #Canada ..@CriemCirm says&amp;shows..#SDG #DeepLearning #bigdata #innovations #Blockchain #digitaltransformation #investments #startups #technology #AI #Sustainability #inclusive #technology #businessgrowth  https://t.co/THHz57f2cc  https://t.co/NcGZy7oM9K,en,"[{'screen_name': 'criemcirm', 'name': 'criem cirm', 'id': '2884565975'}]",['https://youtu.be/kAq_F85KPXA'],[],0,0,1,"['artificialintelligence', 'canada', 'sdg', 'deeplearning', 'bigdata', 'innovations', 'blockchain', 'digitaltransformation', 'investments', 'startups', 'technology', 'ai', 'sustainability', 'inclusive', 'technology', 'businessgrowth']",[],https://twitter.com/MUSTInvestNews/status/1384087314746335236,False,,1,https://pbs.twimg.com/ext_tw_video_thumb/1384086499969277959/pu/img/IlY8ZCtnGMrj9Fql.jpg,,,,,,,[],,,,
1384087313773260806,1384087313773260806,2021-04-19 15:41:45 India Standard Time,2021-04-19,15:41:45,+0530,1021322525287026688,machinelearntec,Machine Learning,,Artificial intelligence is about to change how you buy lipstick (and other cosmetics) - TechRadar   https://t.co/VsaF5r9bNi  #ArtificialIntelligence #AI #DataScience #100DaysOfCode #Python #MachineLearning #BigData #DeepLearning #NLP #Robots #IoT,en,[],['https://ift.tt/2Qcba94'],[],0,5,3,"['artificialintelligence', 'ai', 'datascience', '100daysofcode', 'python', 'machinelearning', 'bigdata', 'deeplearning', 'nlp', 'robots', 'iot']",[],https://twitter.com/machinelearnTec/status/1384087313773260806,False,,0,,,,,,,,[],,,,
1384087213042921473,1384087213042921473,2021-04-19 15:41:21 India Standard Time,2021-04-19,15:41:21,+0530,1021322525287026688,machinelearntec,Machine Learning,,4 Ways #ArtificialIntelligence Can Improve Your #Marketing   @kashthefuturist @mvollmer1 @MikeQuindazzi @reach2ratan @Ronald_vanLoon @jblefevre60@Fabriziobustama  @gvalan @Paula_Piccard @HaroldSinnott @JGrobicki @kuriharan @KirkDBorne @AlanSee  https://t.co/DKcjvFtTAg,en,"[{'screen_name': 'kashthefuturist', 'name': 'dr. kash sirinanda', 'id': '925112851894865920'}, {'screen_name': 'mvollmer1', 'name': 'dr. marcell vollmer #staysafe #wfh', 'id': '99674560'}, {'screen_name': 'mikequindazzi', 'name': 'mike quindazzi ‚ú®', 'id': '2344530218'}, {'screen_name': 'reach2ratan', 'name': 'ratan jyoti', 'id': '262641807'}, {'screen_name': 'ronald_vanloon', 'name': 'ronald van loon', 'id': '555031989'}, {'screen_name': 'gvalan', 'name': 'greg valancius', 'id': '115991458'}, {'screen_name': 'paula_piccard', 'name': 'paula piccard', 'id': '291831562'}, {'screen_name': 'haroldsinnott', 'name': 'harold sinnott üì≤ #techforgood', 'id': '202590356'}, {'screen_name': 'jgrobicki', 'name': 'janusz grobicki', 'id': '2269520654'}, {'screen_name': 'kuriharan', 'name': 'kohei kurihara -dataprivacy for fighting covid-19-', 'id': '135922295'}, {'screen_name': 'kirkdborne', 'name': 'kirk borne', 'id': '534563976'}, {'screen_name': 'alansee', 'name': 'alan see', 'id': '14801984'}]",['https://www.forbes.com/sites/kateharrison/2019/01/20/5-ways-artificial-intelligence-can-improve-your-marketing-plus-10-provider-suggestions/amp/?__twitter_impression=true'],[],0,0,1,"['artificialintelligence', 'marketing']",[],https://twitter.com/machinelearnTec/status/1384087213042921473,False,,0,,,,,,,,[],,,,
1384087198971023364,1384087198971023364,2021-04-19 15:41:17 India Standard Time,2021-04-19,15:41:17,+0530,1367438847387181057,infotechview,Infotechview.Media,,The AI industry will see a compounded annual growth rate of 42.2% between 2020 and  2027.    https://t.co/waQ67BJUlK  #infotechviewmedia #ArtificialIntelligence  #Industry  #Data   #COVID19  #clouds  #DigitalMarketing  #networking  #virtual     https://t.co/3ictvWELrD,en,[],"['http://www.infotechview.media', 'https://bit.ly/3v6Xs6h']",[],0,0,1,"['infotechviewmedia', 'artificialintelligence', 'industry', 'data', 'covid19', 'clouds', 'digitalmarketing', 'networking', 'virtual']",[],https://twitter.com/infotechview/status/1384087198971023364,False,,0,,,,,,,,[],,,,
1384087164401582087,1384087164401582087,2021-04-19 15:41:09 India Standard Time,2021-04-19,15:41:09,+0530,2367320131,cybersecboardrm,Bob Carver ‚ú≠,,Implying AI in Business to Evolve from Minimum to Million #ArtificialIntelligence   https://t.co/1fh8pplYOO,en,[],['https://www.analyticsinsight.net/implying-ai-in-business-to-evolve-from-minimum-to-million/'],[],0,0,0,['artificialintelligence'],[],https://twitter.com/cybersecboardrm/status/1384087164401582087,False,,0,,,,,,,,[],,,,
1384087160538632205,1383852613255323652,2021-04-19 15:41:08 India Standard Time,2021-04-19,15:41:08,+0530,82312919,kaizervonmaanen,Imperador da lua,,"@itsmalaikaaaaa Tons of men (and bots) do this, it is absolutely awful and haram. I am a man and avoid posting my picture because I have worked with Artificial intelligence, people who post pictures of themselves will probably have no rights in the future, it is so easy to use them neferiously.",en,[],[],[],0,0,0,[],[],https://twitter.com/kaizervonmaanen/status/1384087160538632205,False,,0,,,,,,,,"[{'screen_name': 'itsmalaikaaaaa', 'name': 'üëºüèΩ ŸÖŸÑÿßÿ°ŸÉŸá', 'id': '1106604985415073792'}]",,,,
1384087082490994691,1384078144135598085,2021-04-19 15:40:50 India Standard Time,2021-04-19,15:40:50,+0530,1201802305013723139,mraiteacher,Mr Artificial Intelligence,,"@MartinSLewis I would suggest adding a vote option to just ""view results"", some may cast a random vote just to see percentages straight away.",en,[],[],[],0,0,0,[],[],https://twitter.com/MrAiTeacher/status/1384087082490994691,False,,0,,,,,,,,"[{'screen_name': 'MartinSLewis', 'name': 'Martin Lewis', 'id': '252569527'}]",,,,
1384087062240919555,1384087062240919555,2021-04-19 15:40:45 India Standard Time,2021-04-19,15:40:45,+0530,863481084,marchigiada,Marchi Giada,,Start to promote your products and services on Principaut√© de Monaco TV and reach over 7 million potential customers. With our #Artificialintelligence you can reach 400% conversion.  &gt;&gt;  Inquiry:  https://t.co/HvRNdKWtaM #advertising #shopping #tvchannel #marketing #MonteCarlo  https://t.co/XuK1LHhjrK,en,[],['https://c4l.us/us023'],[],0,0,0,"['artificialintelligence', 'advertising', 'shopping', 'tvchannel', 'marketing', 'montecarlo']",[],https://twitter.com/MarchiGiada/status/1384087062240919555,False,,1,https://pbs.twimg.com/ext_tw_video_thumb/1384086973925642243/pu/img/HI0DASWID0LqgiVf.jpg,,,,,,,[],,,,
1384087032062873602,1384087032062873602,2021-04-19 15:40:38 India Standard Time,2021-04-19,15:40:38,+0530,2189916848,frsfnrs,F.R.S.-FNRS,,"IBM Innovation Award 2021 - Appel ouvert ! Th√®se de doctorat avec contribution originale aux Sciences de l'Informatique ou ses applications : Artificial Intelligence, Social Media, Analytics &amp; Big Data, Mobile Computing, Cyber Security, Cloud Computing.  https://t.co/00TTG0Eonv  https://t.co/LhQpyib0kd",fr,[],['https://www.frs-fnrs.be/fr/prix-mecenats/prix-scientifiques/prix-en-sciences-technologiques#ibm'],['https://pbs.twimg.com/media/EzVDSCnVEAUJhQM.jpg'],0,0,0,[],[],https://twitter.com/frsFNRS/status/1384087032062873602,False,,1,https://pbs.twimg.com/media/EzVDSCnVEAUJhQM.jpg,,,,,,,[],,,,
1384086972000399360,1384086972000399360,2021-04-19 15:40:23 India Standard Time,2021-04-19,15:40:23,+0530,197332083,elsmodels,ELS Models,,Start to promote your products and services on Principaut√© de Monaco TV and reach over 7 million potential customers. With our #Artificialintelligence you can reach 400% conversion.  &gt;&gt;  Inquiry:  https://t.co/6NJuaCZsHI #advertising #shopping #tvchannel #marketing #MonteCarlo  https://t.co/fRHPpnWojn,en,[],['https://c4l.us/us023'],[],0,0,0,"['artificialintelligence', 'advertising', 'shopping', 'tvchannel', 'marketing', 'montecarlo']",[],https://twitter.com/ELSModels/status/1384086972000399360,False,,1,https://pbs.twimg.com/ext_tw_video_thumb/1384086893168513030/pu/img/xMQuyTckMumkvwtg.jpg,,,,,,,[],,,,
1384086900139384838,1384086900139384838,2021-04-19 15:40:06 India Standard Time,2021-04-19,15:40:06,+0530,322429019,dailyusanews,@Dailyusanews,,Artificial Intelligence: What is Deep Fake Technology and How is it being used? - BBC URDU: €å€Å ÿßŸÜÿ≥ÿßŸÜ ÿßÿµŸÑ€å €Å€í €åÿß ŸÜŸÇŸÑ€åÿü €å€Å ÿ≤ŸÜÿØ€Å €Å€í €åÿß ÿßŸèÿ≥ ÿßŸÜÿ≥ÿßŸÜ ÿ¨€åÿ≥ÿß ÿ¨Ÿà ÿßÿ≥ ÿØŸÜ€åÿß ÿ≥€í ⁄©ÿ¶€å ÿ®ÿ±ÿ≥ Ÿæ€ÅŸÑ€í ÿ¨ÿß ⁄Ü⁄©ÿß €Å€íÿü €å€Å Ÿà€Å ŸÖŸÖ⁄©ŸÜ€Å ÿ≥ŸàÿßŸÑÿßÿ™ €Å€å⁄∫ ÿ¨Ÿà‚Ä¶  https://t.co/M6efpQVsRA #guestpost #guestpostingservice #america  https://t.co/eEeNgasUtV,und,[],['http://dlvr.it/RxyzNX'],['https://pbs.twimg.com/media/EzVDs3RVUAAfAYy.jpg'],0,2,0,"['guestpost', 'guestpostingservice', 'america']",[],https://twitter.com/DailyUSANews/status/1384086900139384838,False,,1,https://pbs.twimg.com/media/EzVDs3RVUAAfAYy.jpg,,,,,,,[],,,,
1384086890891026442,1384086890891026442,2021-04-19 15:40:04 India Standard Time,2021-04-19,15:40:04,+0530,714392335,elsfashiontv,ELS Fashion TV,,Start to promote your products and services on Principaut√© de Monaco TV and reach over 7 million potential customers. With our #Artificialintelligence you can reach 400% conversion.  &gt;&gt;  Inquiry:  https://t.co/Um6Xtac6cd #advertising #shopping #tvchannel #marketing #MonteCarlo  https://t.co/8DRbv93y9w,en,[],['https://c4l.us/us023'],[],0,0,2,"['artificialintelligence', 'advertising', 'shopping', 'tvchannel', 'marketing', 'montecarlo']",[],https://twitter.com/ELSFashionTV/status/1384086890891026442,False,,1,https://pbs.twimg.com/ext_tw_video_thumb/1384086806795218952/pu/img/DtUx5sN4wLemkB5q.jpg,,,,,,,[],,,,
1384086878488391684,1384086878488391684,2021-04-19 15:40:01 India Standard Time,2021-04-19,15:40:01,+0530,202590356,haroldsinnott,Harold Sinnott üì≤ #TechForGood,,"#Grateful for the mention, @VerdictUK üì±üì≤ TY @SpirosMargaris üì± üì≤  #Robotics trends: #ArtificialIntelligence leads Twitter mentions in Q1 2021   #AI #BigData #5G #ML #RPA #robots #IoT @KirkDBorne @GlenGilmore @nigewillson @Fabriziobustama @antgrasso    https://t.co/TgqSlWAjBO",en,"[{'screen_name': 'verdictuk', 'name': 'verdict', 'id': '760046461824409600'}, {'screen_name': 'spirosmargaris', 'name': 'spiros margaris', 'id': '2711212681'}, {'screen_name': 'kirkdborne', 'name': 'kirk borne', 'id': '534563976'}, {'screen_name': 'glengilmore', 'name': 'glen gilmore üò∑', 'id': '17463660'}, {'screen_name': 'nigewillson', 'name': 'nige willson', 'id': '228040559'}, {'screen_name': 'fabriziobustama', 'name': 'fabrizio bustamante', 'id': '326229600'}, {'screen_name': 'antgrasso', 'name': 'antonio grasso', 'id': '4338452835'}]",['https://www.verdict.co.uk/robotics-trends-artificial-intelligence-twitter/'],[],0,1,1,"['grateful', 'robotics', 'artificialintelligence', 'ai', 'bigdata', '5g', 'ml', 'rpa', 'robots', 'iot']",[],https://twitter.com/HaroldSinnott/status/1384086878488391684,False,https://twitter.com/SpirosMargaris/status/1383216186813403139,0,,,,,,,,[],,,,
1384086804597329929,1384086804597329929,2021-04-19 15:39:43 India Standard Time,2021-04-19,15:39:43,+0530,1403587106,dealsitalia,Deals Italia,,Start to promote your products and services on Principaut√© de Monaco TV and reach over 7 million potential customers. With our #Artificialintelligence you can reach 400% conversion.  &gt;&gt;  Inquiry:  https://t.co/NLU2dA6g4D #advertising #shopping #tvchannel #marketing #MonteCarlo  https://t.co/TDRW8Wi8k0,en,[],['https://c4l.us/us023'],[],0,0,0,"['artificialintelligence', 'advertising', 'shopping', 'tvchannel', 'marketing', 'montecarlo']",[],https://twitter.com/dealsitalia/status/1384086804597329929,False,,1,https://pbs.twimg.com/ext_tw_video_thumb/1384086721130680333/pu/img/PfKayyvKB1bEcVbb.jpg,,,,,,,[],,,,
1384086776541683719,1384065101687189507,2021-04-19 15:39:37 India Standard Time,2021-04-19,15:39:37,+0530,384409374,cellardloup,Loup Cellard,,SustAIn: Sustainability Index for Artificial Intelligence   https://t.co/MS2EEQSvLq,en,[],['https://media.ccc.de/v/divoc-reboot-to-respawn-2021-26-sustain-sustainability-index-for-artificial-intelligence#t=633'],[],0,0,0,[],[],https://twitter.com/CellardLoup/status/1384086776541683719,False,,0,,,,,,,,[],,,,
1384086771953143813,1384086771953143813,2021-04-19 15:39:36 India Standard Time,2021-04-19,15:39:36,+0530,856240505826496513,suriyasubraman,Suriya Subramanian,,"RadNet's Artificial Intelligence Subsidiary, DeepHealth, Announces FDA Clearance for its AI Mammography Triage Software - GlobeNewswire: RadNet's Artificial Intelligence Subsidiary, DeepHealth, Announces FDA‚Ä¶  https://t.co/E6goEjCcOC #AI #artificialintelligence #Finperform",en,[],['http://dlvr.it/RxyzHL'],[],0,0,0,"['ai', 'artificialintelligence', 'finperform']",[],https://twitter.com/SuriyaSubraman/status/1384086771953143813,False,,0,,,,,,,,[],,,,
1384086760448163852,1384086760448163852,2021-04-19 15:39:33 India Standard Time,2021-04-19,15:39:33,+0530,1021322525287026688,machinelearntec,Machine Learning,,Elon Musk‚Äôs Neuralink could be implanted in human brains this year [ lets hope not ]  https://t.co/LeoIt436qG  #ai #artificialintelligence #machinelearning #deeplearning  @PawlowskiMario   @Ronald_vanLoon   @jblefevre60,en,"[{'screen_name': 'pawlowskimario', 'name': 'mario pawlowskiüáµüá±üá∫üá∏üá™üá∫üåé‚öΩÔ∏è', 'id': '968008274003005440'}, {'screen_name': 'ronald_vanloon', 'name': 'ronald van loon', 'id': '555031989'}, {'screen_name': 'jblefevre60', 'name': 'jean-baptiste lefevre', 'id': '4374719908'}]",['https://bit.ly/3uQFS6k'],[],0,1,1,"['ai', 'artificialintelligence', 'machinelearning', 'deeplearning']",[],https://twitter.com/machinelearnTec/status/1384086760448163852,False,,0,,,,,,,,[],,,,
1384086719146827786,1384086719146827786,2021-04-19 15:39:23 India Standard Time,2021-04-19,15:39:23,+0530,87651607,alfredelsftv,Alfred üíé ELS Fashion TV,,Start to promote your products and services on Principaut√© de Monaco TV and reach over 7 million potential customers. With our #Artificialintelligence you can reach 400% conversion.  &gt;&gt;  Inquiry:  https://t.co/L1jUrJOcVn #advertising #shopping #tvchannel #marketing #MonteCarlo  https://t.co/qZU7sI7Pyq,en,[],['https://c4l.us/us023'],[],0,0,1,"['artificialintelligence', 'advertising', 'shopping', 'tvchannel', 'marketing', 'montecarlo']",[],https://twitter.com/AlfredELSFTV/status/1384086719146827786,False,,1,https://pbs.twimg.com/ext_tw_video_thumb/1384086638918201345/pu/img/JCiS__V8Hh1IxZh5.jpg,,,,,,,[],,,,
1384086653354995716,1384086653354995716,2021-04-19 15:39:07 India Standard Time,2021-04-19,15:39:07,+0530,1021322525287026688,machinelearntec,Machine Learning,,Designed for automated quality control applications. By  @creaform3d  #IoT #IIoT #5G #AI #RPA #Robotics  #Industry40 #Machinelearning #3D #ArtificialIntelligence #Automation #Tech #innovation  Cc:  @andi_staub   @chboursin   @jblefevre60   @Nicochan33   @mvollmer1   @LouisSerge,en,"[{'screen_name': 'creaform3d', 'name': 'creaform', 'id': '57494764'}, {'screen_name': 'andi_staub', 'name': 'andreas staub', 'id': '298704683'}, {'screen_name': 'chboursin', 'name': 'christine boursin üåê', 'id': '3169916217'}, {'screen_name': 'jblefevre60', 'name': 'jean-baptiste lefevre', 'id': '4374719908'}, {'screen_name': 'nicochan33', 'name': 'nicolas babin', 'id': '19284888'}, {'screen_name': 'mvollmer1', 'name': 'dr. marcell vollmer #staysafe #wfh', 'id': '99674560'}, {'screen_name': 'louisserge', 'name': 'louis-serge real del sarte', 'id': '35704105'}]",[],[],0,1,2,"['iot', 'iiot', '5g', 'ai', 'rpa', 'robotics', 'industry40', 'machinelearning', '3d', 'artificialintelligence', 'automation', 'tech', 'innovation']",[],https://twitter.com/machinelearnTec/status/1384086653354995716,False,https://twitter.com/Fabriziobustama/status/1383284058336096260,0,,,,,,,,[],,,,
1384086531065876481,1384086531065876481,2021-04-19 15:38:38 India Standard Time,2021-04-19,15:38:38,+0530,1159491485613666304,thegevanny,Gevanny,,"I made another Classical #Artwork reimagined by #ArtificialIntelligence  (#GAN)  Carl Bloch, In a Roman Osteria, 1866.  #AI #neuralnetworks #generativeart #paintings #arthistory #museum #Copenhagen  https://t.co/qW5c8jUwdg",en,[],[],['https://pbs.twimg.com/media/EzVDXQiVcAIly3-.jpg'],0,0,2,"['artwork', 'artificialintelligence', 'gan', 'ai', 'neuralnetworks', 'generativeart', 'paintings', 'arthistory', 'museum', 'copenhagen']",[],https://twitter.com/thegevanny/status/1384086531065876481,False,,1,https://pbs.twimg.com/media/EzVDXQiVcAIly3-.jpg,,,,,,,[],,,,
1384086512673820672,1384086512673820672,2021-04-19 15:38:34 India Standard Time,2021-04-19,15:38:34,+0530,1264433760,eli_krumova,Elitsa Krumova,,Which Company Uses the Most of Your #Data ‚ùì üëâüèΩ https://t.co/5kTgaun2n4  #CyberSecurity #Privacy #DataProtection #DataSecurity #GDPR #ArtificialIntelligence #AI #ML #SocialMedia #Cloud #Serverless #IoT #IoTPL #IIoT #BigData #Analytics #DataScience #5G #AR #VR #tech #TechTrends #DX  https://t.co/ss8l3KUCW6,en,[],['http://bit.ly/34v2yP9'],['https://pbs.twimg.com/media/EzVCht2UcAQ0nji.jpg'],1,9,3,"['data', 'cybersecurity', 'privacy', 'dataprotection', 'datasecurity', 'gdpr', 'artificialintelligence', 'ai', 'ml', 'socialmedia', 'cloud', 'serverless', 'iot', 'iotpl', 'iiot', 'bigdata', 'analytics', 'datascience', '5g', 'ar', 'vr', 'tech', 'techtrends', 'dx']",[],https://twitter.com/Eli_Krumova/status/1384086512673820672,False,https://twitter.com/Eli_Krumova/status/1336691179602259969,1,https://pbs.twimg.com/media/EzVCht2UcAQ0nji.jpg,,,,,,,[],,,,
1384086436236824580,1384086436236824580,2021-04-19 15:38:16 India Standard Time,2021-04-19,15:38:16,+0530,1365072717075079171,aimfgs,AI Manufacturing Solutions,,#MotionControl #AI #MachineLearning #DigitalTransformation #IOT #Dashboard #ArtificialIntelligence #Manufacturing #Industry40,und,[],[],[],0,3,2,"['motioncontrol', 'ai', 'machinelearning', 'digitaltransformation', 'iot', 'dashboard', 'artificialintelligence', 'manufacturing', 'industry40']",[],https://twitter.com/aimfgs/status/1384086436236824580,False,,0,,,,,,,,[],,,,
1384086415030448129,1384086415030448129,2021-04-19 15:38:11 India Standard Time,2021-04-19,15:38:11,+0530,49534652,sajidmirza,Sajid Mirza,,Will Artificial Intelligence Be Conscious? #MachineLearning #learning #startup via  https://t.co/bDTgBUrl56  https://t.co/cxmyd9EANx,en,[],"['http://twinybots.ch', 'https://interestingengineering.com/will-ai-ever-be-conscious']",[],0,1,2,"['machinelearning', 'learning', 'startup']",[],https://twitter.com/sajidmirza/status/1384086415030448129,False,,0,,,,,,,,[],,,,
1384086414892036099,1384086414892036099,2021-04-19 15:38:11 India Standard Time,2021-04-19,15:38:11,+0530,2199336256,mcadamsrachel1,Rachel McAdams,,Top 10 AI Companies Twitter Accounts to Follow in 2021 #ArtificialIntelligence #ico via  https://t.co/hLF6CnnGye  https://t.co/7rLZQYvexr,en,[],"['http://twinybots.ch', 'https://www.analyticsinsight.net/top-10-ai-companies-twitter-accounts-to-follow-in-2021/']",[],0,0,0,"['artificialintelligence', 'ico']",[],https://twitter.com/mcadamsrachel1/status/1384086414892036099,False,,0,,,,,,,,[],,,,
1384086273460105226,1384086273460105226,2021-04-19 15:37:37 India Standard Time,2021-04-19,15:37:37,+0530,1273731198922166273,artpedd,Pedd Raam Art,,"Greek Hippocrates, Parsi Medics, Danske L√¶gel√∏fte, Humanism in combat against Sabbatian Frankist Skull &amp; Bones Vatican Roman Hashashin Ottoman Crown Illuminati Corona murder of Corvids Influence Artificial Intelligence Serpent Venom Golden Calf BLM Antifa Q Extinction CBRN Psyops",da,[],[],[],0,0,0,[],[],https://twitter.com/ArtPedd/status/1384086273460105226,False,https://twitter.com/PreventingODx/status/1336330848061165568,0,,,,,,,,[],,,,
1384086265608343560,1384086265608343560,2021-04-19 15:37:35 India Standard Time,2021-04-19,15:37:35,+0530,1161338996103905280,sciphicstech,Sciphics,,#AI &amp; the use of #Robotics in the #HealthCare sector are gaining in popularity with the latest trends in #Studies &amp; concepts. #ArtificialIntelligence #Automation #MachineLearning #ML #DecisionMaking #Cyberknife #PARO  https://t.co/k3d417ATkx by @TheDailyPioneer,en,"[{'screen_name': 'thedailypioneer', 'name': 'the pioneer', 'id': '470299753'}]",['https://dailypioneer.com/2021/state-editions/artificial-intelligence--robotics-new-heights-in-healthcare.html'],[],0,1,0,"['ai', 'robotics', 'healthcare', 'studies', 'artificialintelligence', 'automation', 'machinelearning', 'ml', 'decisionmaking', 'cyberknife', 'paro']",[],https://twitter.com/SciphicsTech/status/1384086265608343560,False,,0,,,,,,,,[],,,,
1384086258817798146,1384086258817798146,2021-04-19 15:37:33 India Standard Time,2021-04-19,15:37:33,+0530,1262088816237645824,trendingnews_7,TrendingNews,,Designed for automated quality control applications. By @creaform3d #IoT #IIoT #5G #AI #RPA #Robotics  #Industry40 #Machinelearning #3D #ArtificialIntelligence #Automation #Tech #innovation  Cc: @andi_staub @chboursin @jblefevre60 @Nicochan33 @mvollmer1 @LouisSerge,en,"[{'screen_name': 'creaform3d', 'name': 'creaform', 'id': '57494764'}, {'screen_name': 'andi_staub', 'name': 'andreas staub', 'id': '298704683'}, {'screen_name': 'chboursin', 'name': 'christine boursin üåê', 'id': '3169916217'}, {'screen_name': 'jblefevre60', 'name': 'jean-baptiste lefevre', 'id': '4374719908'}, {'screen_name': 'nicochan33', 'name': 'nicolas babin', 'id': '19284888'}, {'screen_name': 'mvollmer1', 'name': 'dr. marcell vollmer #staysafe #wfh', 'id': '99674560'}, {'screen_name': 'louisserge', 'name': 'louis-serge real del sarte', 'id': '35704105'}]",[],[],0,0,1,"['iot', 'iiot', '5g', 'ai', 'rpa', 'robotics', 'industry40', 'machinelearning', '3d', 'artificialintelligence', 'automation', 'tech', 'innovation']",[],https://twitter.com/TrendingNews_7/status/1384086258817798146,False,https://twitter.com/Fabriziobustama/status/1383284058336096260,0,,,,,,,,[],,,,
1384086233387732995,1384086216551796736,2021-04-19 15:37:27 India Standard Time,2021-04-19,15:37:27,+0530,1133482508153229314,lloyds_lab,Lloyd‚Äôs Lab,,Tesselo help organizations manage their land resources more efficiently using satellite imagery and artificial intelligence.  https://t.co/DBKi28cv5q,en,[],['https://tesselo.com'],[],1,0,0,[],[],https://twitter.com/Lloyds_Lab/status/1384086233387732995,False,,0,,,,,,,,[],,,,
1384086157881868289,1384086157881868289,2021-04-19 15:37:09 India Standard Time,2021-04-19,15:37:09,+0530,49287937,hashem25,Hashem AbuBaker,,Implying AI in Business to Evolve from Minimum to Million #ArtificialIntelligence   https://t.co/mwy1ygAAzU,en,[],['https://www.analyticsinsight.net/implying-ai-in-business-to-evolve-from-minimum-to-million/'],[],0,0,0,['artificialintelligence'],[],https://twitter.com/hashem25/status/1384086157881868289,False,,0,,,,,,,,[],,,,
1384086134091751431,1384086134091751431,2021-04-19 15:37:04 India Standard Time,2021-04-19,15:37:04,+0530,3064266184,techjunkiejh,Tech Junkie,,Google finally revived a beloved Maps feature that it killed years ago  https://t.co/oFREAkEbsg #ArtificialIntelligence #TechJunkieNews  https://t.co/jC2uuuuf5A,en,[],['https://bit.ly/3rKqUgn'],"['https://pbs.twimg.com/media/EzVDAMkVcAMou-D.jpg', 'https://pbs.twimg.com/media/EzVDAMHVUAcBDw6.jpg']",0,2,2,"['artificialintelligence', 'techjunkienews']",[],https://twitter.com/techjunkiejh/status/1384086134091751431,False,,1,https://pbs.twimg.com/media/EzVDAMkVcAMou-D.jpg,,,,,,,[],,,,
1384086085387517963,1384086085387517963,2021-04-19 15:36:52 India Standard Time,2021-04-19,15:36:52,+0530,14242448,elmit,ELMIT,,Artificial Intelligence is useful as you must read at  https://t.co/CiTHjXXIic  https://t.co/tpz9eyTcaG #Ronald_teaches_Artificial_Intelligence  https://t.co/c8Pgx8vwiq,en,[],"['https://ai.elmit.com/2020/10/04/anaconda-software-quick-review-an-alternative-to-python-alone/', 'https://ai.elmit.com']",['https://pbs.twimg.com/media/EzVC9RGVkAQnpfG.jpg'],0,0,0,['ronald_teaches_artificial_intelligence'],[],https://twitter.com/ELMIT/status/1384086085387517963,False,,1,https://pbs.twimg.com/media/EzVC9RGVkAQnpfG.jpg,,,,,,,[],,,,
1384086050553794568,1384086050553794568,2021-04-19 15:36:44 India Standard Time,2021-04-19,15:36:44,+0530,1235684402,ryan1brendan,Brendan Ryan,,Learn how both #data enrichment and #AI are critical to banks and financial services in caching evolving fraudsters. #artificialintelligence  https://t.co/SXKSSKNDlK,en,[],['https://lnkd.in/e69n2YF'],[],0,0,0,"['data', 'ai', 'artificialintelligence']",[],https://twitter.com/Ryan1Brendan/status/1384086050553794568,False,,0,,,,,,,,[],,,,
1384086031859814404,1384086031859814404,2021-04-19 15:36:39 India Standard Time,2021-04-19,15:36:39,+0530,109082290,ncsventures,National Cyber Security,,How cyber criminals use artificial intelligence to manipulate human behavior | #education | #computertraining  https://t.co/alGj56BdQx,en,[],['https://nationalcybersecuritynews.today/how-cyber-criminals-use-artificial-intelligence-to-manipulate-human-behavior-education-computertraining/'],[],0,0,0,"['education', 'computertraining']",[],https://twitter.com/NcsVentures/status/1384086031859814404,False,,0,,,,,,,,[],,,,
1384086024654000134,1384086024654000134,2021-04-19 15:36:38 India Standard Time,2021-04-19,15:36:38,+0530,194297917,gregorydevans,Gregory D. Evans,,How cyber criminals use artificial intelligence to manipulate human behavior | #education | #computertraining  https://t.co/qMDbC4IoCa,en,[],['https://nationalcybersecuritynews.today/how-cyber-criminals-use-artificial-intelligence-to-manipulate-human-behavior-education-computertraining/'],[],0,0,0,"['education', 'computertraining']",[],https://twitter.com/GregoryDEvans/status/1384086024654000134,False,,0,,,,,,,,[],,,,
1384085979137331204,1384085979137331204,2021-04-19 15:36:27 India Standard Time,2021-04-19,15:36:27,+0530,1262088816237645824,trendingnews_7,TrendingNews,,Elon Musk‚Äôs Neuralink could be implanted in human brains this year [ lets hope not ]  https://t.co/Jjg34pxBGy  #ai #artificialintelligence #machinelearning #deeplearning  @PawlowskiMario @Ronald_vanLoon @jblefevre60,en,"[{'screen_name': 'pawlowskimario', 'name': 'mario pawlowskiüáµüá±üá∫üá∏üá™üá∫üåé‚öΩÔ∏è', 'id': '968008274003005440'}, {'screen_name': 'ronald_vanloon', 'name': 'ronald van loon', 'id': '555031989'}, {'screen_name': 'jblefevre60', 'name': 'jean-baptiste lefevre', 'id': '4374719908'}]",['https://bit.ly/3uQFS6k'],[],0,0,0,"['ai', 'artificialintelligence', 'machinelearning', 'deeplearning']",[],https://twitter.com/TrendingNews_7/status/1384085979137331204,False,,0,,,,,,,,[],,,,
1384085860648296454,1384085860648296454,2021-04-19 15:35:58 India Standard Time,2021-04-19,15:35:58,+0530,938700098015498240,inter_addis,Inter Luxury Hotel,,We are very pleased to have successfully hosted the first Artificial Intelligence Workshop and Exhibition in Ethiopia.  We enjoy serving and contributing to your success.  #AddisAbaba #ethiopia #workshop #exhibition #hotel  https://t.co/v8LbjnHnuN,en,[],[],"['https://pbs.twimg.com/media/EzVCvYYVEAA1XHZ.jpg', 'https://pbs.twimg.com/media/EzVCv41VIAwUbSC.jpg', 'https://pbs.twimg.com/media/EzVCwG4VEAML66b.jpg', 'https://pbs.twimg.com/media/EzVCwTbVoA0whog.jpg']",1,0,0,"['addisababa', 'ethiopia', 'workshop', 'exhibition', 'hotel']",[],https://twitter.com/Inter_Addis/status/1384085860648296454,False,,1,https://pbs.twimg.com/media/EzVCvYYVEAA1XHZ.jpg,,,,,,,[],,,,
1384085819950989315,1384085819950989315,2021-04-19 15:35:49 India Standard Time,2021-04-19,15:35:49,+0530,1101093119754416130,wordeepai,Wordeep,,"üëç Our real-time keyboard corrections will keep you safe from #grammar and #spelling mistakes.  üì± Using artificial intelligence, we will #proofread your writing wherever you write on your mobile.  Download our Android app here!  https://t.co/nzFJpVsJQV  https://t.co/Y8b3iTeTyh",en,[],['https://play.google.com/store/apps/details?id=com.wordeep'],['https://pbs.twimg.com/media/EzVCs_pVkAQrDZr.jpg'],0,0,2,"['grammar', 'spelling', 'proofread']",[],https://twitter.com/WordeepAI/status/1384085819950989315,False,,1,https://pbs.twimg.com/media/EzVCs_pVkAQrDZr.jpg,,,,,,,[],,,,
1384085814292795396,1384085814292795396,2021-04-19 15:35:47 India Standard Time,2021-04-19,15:35:47,+0530,1365033981696237571,alkayalwajdi,Wajdi Alkayal,,#linux #agile #work #development #design #research #ai #leadership #machinelearning #digitaltransformation #datascience #lean #automation #innovation #communications #training #rpa #artificialintelligence #deeplearning #ml   https://t.co/ZH615qMfXu,und,[],['https://wmk-tech.net/jobs/cc-software-engineer-linux-modern-principles-mep9-1618743145'],[],0,0,0,"['linux', 'agile', 'work', 'development', 'design', 'research', 'ai', 'leadership', 'machinelearning', 'digitaltransformation', 'datascience', 'lean', 'automation', 'innovation', 'communications', 'training', 'rpa', 'artificialintelligence', 'deeplearning', 'ml']",[],https://twitter.com/AlkayalWajdi/status/1384085814292795396,False,,0,,,,,,,,[],,,,
1384085799650557952,1384085799650557952,2021-04-19 15:35:44 India Standard Time,2021-04-19,15:35:44,+0530,4067993429,mindgeistprodu,üÖºüÖ∏üÖΩüÖ≥üÖ∂üÖ¥üÖ∏üÜÇüÜÉ,,¬øDe qu√© hablamos cuando hablamos de IA? ¬øQu√© significa que un producto o servicio aplique t√©cnicas de IA? ¬øCu√°l es el valor propuesto y cu√°l el generado? Para que la IA no sea solo el √∫ltimo hype.  #ArtificialIntelligence #voicefirst   https://t.co/4FU1jSjwSj,es,[],['https://towardsdatascience.com/the-ai-value-gap-36463bcace6f'],[],0,1,1,"['artificialintelligence', 'voicefirst']",[],https://twitter.com/MindGeistProdu/status/1384085799650557952,False,,0,,,,,,,,[],,,,
1384085794021732357,1384085794021732357,2021-04-19 15:35:43 India Standard Time,2021-04-19,15:35:43,+0530,1262088816237645824,trendingnews_7,TrendingNews,,4 Ways #ArtificialIntelligence Can Improve Your #Marketing   @kashthefuturist @mvollmer1 @MikeQuindazzi @reach2ratan @Ronald_vanLoon @jblefevre60 @Fabriziobustama @gvalan @Paula_Piccard @HaroldSinnott @JGrobicki @kuriharan @KirkDBorne @AlanSee  https://t.co/4kNmCz51QE,en,"[{'screen_name': 'kashthefuturist', 'name': 'dr. kash sirinanda', 'id': '925112851894865920'}, {'screen_name': 'mvollmer1', 'name': 'dr. marcell vollmer #staysafe #wfh', 'id': '99674560'}, {'screen_name': 'mikequindazzi', 'name': 'mike quindazzi ‚ú®', 'id': '2344530218'}, {'screen_name': 'reach2ratan', 'name': 'ratan jyoti', 'id': '262641807'}, {'screen_name': 'ronald_vanloon', 'name': 'ronald van loon', 'id': '555031989'}, {'screen_name': 'jblefevre60', 'name': 'jean-baptiste lefevre', 'id': '4374719908'}, {'screen_name': 'fabriziobustama', 'name': 'fabrizio bustamante', 'id': '326229600'}, {'screen_name': 'gvalan', 'name': 'greg valancius', 'id': '115991458'}, {'screen_name': 'paula_piccard', 'name': 'paula piccard', 'id': '291831562'}, {'screen_name': 'haroldsinnott', 'name': 'harold sinnott üì≤ #techforgood', 'id': '202590356'}, {'screen_name': 'jgrobicki', 'name': 'janusz grobicki', 'id': '2269520654'}, {'screen_name': 'kuriharan', 'name': 'kohei kurihara -dataprivacy for fighting covid-19-', 'id': '135922295'}, {'screen_name': 'kirkdborne', 'name': 'kirk borne', 'id': '534563976'}, {'screen_name': 'alansee', 'name': 'alan see', 'id': '14801984'}]",['https://www.forbes.com/sites/kateharrison/2019/01/20/5-ways-artificial-intelligence-can-improve-your-marketing-plus-10-provider-suggestions/amp/?__twitter_impression=true'],[],0,0,1,"['artificialintelligence', 'marketing']",[],https://twitter.com/TrendingNews_7/status/1384085794021732357,False,,0,,,,,,,,[],,,,
1384085773146738699,1384085773146738699,2021-04-19 15:35:38 India Standard Time,2021-04-19,15:35:38,+0530,1365037396807602177,alkayal_wajdi,Wajdi Alkayal,,#linux #agile #work #development #design #research #ai #leadership #machinelearning #digitaltransformation #datascience #lean #automation #innovation #communications #training #rpa #artificialintelligence #deeplearning #ml   https://t.co/JpAkhIaSCD,und,[],['https://wmk-tech.net/jobs/cc-software-engineer-linux-modern-principles-mep9-1618743145'],[],0,0,0,"['linux', 'agile', 'work', 'development', 'design', 'research', 'ai', 'leadership', 'machinelearning', 'digitaltransformation', 'datascience', 'lean', 'automation', 'innovation', 'communications', 'training', 'rpa', 'artificialintelligence', 'deeplearning', 'ml']",[],https://twitter.com/alkayal_wajdi/status/1384085773146738699,False,,0,,,,,,,,[],,,,
1384085766947500033,1384085766947500033,2021-04-19 15:35:36 India Standard Time,2021-04-19,15:35:36,+0530,136586525,airccfp,Aircccfp,,7th International Conference on Artificial Intelligence and Applications (AIFU¬†2021)  https://t.co/uK95N1kDFM,en,[],['https://cfptech.wordpress.com/2021/04/19/7th-international-conference-on-artificial-intelligence-and-applications-aifu-2021-17/'],[],0,0,0,[],[],https://twitter.com/AIRCCFP/status/1384085766947500033,False,,0,,,,,,,,[],,,,
1384085749553786880,1384085749553786880,2021-04-19 15:35:32 India Standard Time,2021-04-19,15:35:32,+0530,981125569055215616,finnishdata,Finnish Data Center Forum,,Ilmoittaudu nyt: Towards the Arctic 28.4. klo 14  https://t.co/WV8jlGjQDX #datacenter #futuredatasummit #cybersecurity #ArtificialIntelligence,fi,[],['https://fdcf.tapahtumiin.fi/en/'],[],0,0,0,"['datacenter', 'futuredatasummit', 'cybersecurity', 'artificialintelligence']",[],https://twitter.com/FinnishData/status/1384085749553786880,False,,0,,,,,,,,[],,,,
1384085736169689096,1384085736169689096,2021-04-19 15:35:29 India Standard Time,2021-04-19,15:35:29,+0530,1364806129717563394,wajdialkayal1,WajdiAlkayal,,#linux #agile #work #development #design #research #ai #leadership #machinelearning #digitaltransformation #datascience #lean #automation #innovation #communications #training #rpa #artificialintelligence #deeplearning #ml   https://t.co/5SOYQY6y6l,und,[],['https://wmk-tech.net/jobs/cc-software-engineer-linux-modern-principles-mep9-1618743145'],[],0,0,0,"['linux', 'agile', 'work', 'development', 'design', 'research', 'ai', 'leadership', 'machinelearning', 'digitaltransformation', 'datascience', 'lean', 'automation', 'innovation', 'communications', 'training', 'rpa', 'artificialintelligence', 'deeplearning', 'ml']",[],https://twitter.com/Wajdialkayal1/status/1384085736169689096,False,,0,,,,,,,,[],,,,
1384085707115794438,1384085707115794438,2021-04-19 15:35:22 India Standard Time,2021-04-19,15:35:22,+0530,1242067506,nessyy2709,Nessa,,#IA #AI #ArtificialIntelligence #MachineLearning #Technology #Tech,und,[],[],[],0,0,0,"['ia', 'ai', 'artificialintelligence', 'machinelearning', 'technology', 'tech']",[],https://twitter.com/nessyy2709/status/1384085707115794438,False,https://twitter.com/projixi/status/1384083853044711428,0,,,,,,,,[],,,,
1384085705127653384,1384085705127653384,2021-04-19 15:35:21 India Standard Time,2021-04-19,15:35:21,+0530,1355257214529892352,wajdialkayal,Wajdi Alkayal,,#linux #agile #work #development #design #research #ai #leadership #machinelearning #digitaltransformation #datascience #lean #automation #innovation #communications #training #rpa #artificialintelligence #deeplearning #ml   https://t.co/yhxhUbjO1w,und,[],['https://wmk-tech.net/jobs/cc-software-engineer-linux-modern-principles-mep9-1618743145'],[],0,0,0,"['linux', 'agile', 'work', 'development', 'design', 'research', 'ai', 'leadership', 'machinelearning', 'digitaltransformation', 'datascience', 'lean', 'automation', 'innovation', 'communications', 'training', 'rpa', 'artificialintelligence', 'deeplearning', 'ml']",[],https://twitter.com/WajdiAlkayal/status/1384085705127653384,False,,0,,,,,,,,[],,,,
1384085662089945088,1384085662089945088,2021-04-19 15:35:11 India Standard Time,2021-04-19,15:35:11,+0530,3318510966,crweworld,Crwe World,,"RadNet‚Äôs Artificial Intelligence Subsidiary, DeepHealth, Announces FDA Clearance for its AI Mammography Triage Sof  https://t.co/X7jun4FO7z",en,[],['http://crweworld.com/article/news-provided-by-globenewswire/1960953/radnets-artificial-intelligence-subsidiary-deephealth-announces-fda-clearance-for-its-ai-mammography-triage-software'],[],0,0,0,[],[],https://twitter.com/CrweWorld/status/1384085662089945088,False,,0,,,,,,,,[],,,,
1384085508523905039,1384085508523905039,2021-04-19 15:34:34 India Standard Time,2021-04-19,15:34:34,+0530,45630435,rajamanickam_a,Rajamanickam Antonimuthu,,AI Pinpoints Local Pollution Hotspots Using Satellite Images  https://t.co/mPAUgR81yw via @YouTube #pollution #ArtificialIntelligence #environment #MachineLearning,en,"[{'screen_name': 'youtube', 'name': 'youtube', 'id': '10228272'}]",['https://youtu.be/vS5CHpS7wSU'],[],0,1,1,"['pollution', 'artificialintelligence', 'environment', 'machinelearning']",[],https://twitter.com/rajamanickam_a/status/1384085508523905039,False,,0,,,,,,,,[],,,,
1384085477708296203,1384085477708296203,2021-04-19 15:34:27 India Standard Time,2021-04-19,15:34:27,+0530,1074948676659879938,robvdm,robvdm,,"Workshop on the Theory of Overparameterized Machine Learning starts tomorrow and ends Wednesday!! Looks quite interesting, lots of nice talks and speakers. Registration is free (but limited). #MachineLearning  #ArtificialIntelligence  #Statistics    https://t.co/8j8Y7vkpPG",en,[],['https://topml.rice.edu/'],[],0,1,1,"['machinelearning', 'artificialintelligence', 'statistics']",[],https://twitter.com/robvdm/status/1384085477708296203,False,,0,,,,,,,,[],,,,
1384085435320729613,1384085435320729613,2021-04-19 15:34:17 India Standard Time,2021-04-19,15:34:17,+0530,1262088816237645824,trendingnews_7,TrendingNews,,Artificial intelligence is about to change how you buy lipstick (and other cosmetics) - TechRadar   https://t.co/QZhOJNI2x0  #ArtificialIntelligence #AI #DataScience #100DaysOfCode #Python #MachineLearning #BigData #DeepLearning #NLP #Robots #IoT,en,[],['https://ift.tt/2Qcba94'],[],0,3,3,"['artificialintelligence', 'ai', 'datascience', '100daysofcode', 'python', 'machinelearning', 'bigdata', 'deeplearning', 'nlp', 'robots', 'iot']",[],https://twitter.com/TrendingNews_7/status/1384085435320729613,False,,0,,,,,,,,[],,,,
1384085319679574022,1384085319679574022,2021-04-19 15:33:49 India Standard Time,2021-04-19,15:33:49,+0530,1262088816237645824,trendingnews_7,TrendingNews,,Patent Considerations for Optimizing Immunotherapies with the Help of Artificial Intelligence - Lexology   https://t.co/NmQ3Jcbflg  #ArtificialIntelligence #AI #DataScience #100DaysOfCode #Python #MachineLearning #BigData #DeepLearning #NLP #Robots #IoT,en,[],['https://ift.tt/3n06fUB'],[],0,5,4,"['artificialintelligence', 'ai', 'datascience', '100daysofcode', 'python', 'machinelearning', 'bigdata', 'deeplearning', 'nlp', 'robots', 'iot']",[],https://twitter.com/TrendingNews_7/status/1384085319679574022,False,,0,,,,,,,,[],,,,
1384085209545547776,1384085209545547776,2021-04-19 15:33:23 India Standard Time,2021-04-19,15:33:23,+0530,1262088816237645824,trendingnews_7,TrendingNews,,"The Universe Is a Machine That Keeps Learning, Scientists Say Basically, we live in one giant algorithm  https://t.co/SiSLw3IBHm  #ai #artificialintelligence #machinelearning #deeplearning #algorithm  @Paula_Piccard @Ronald_vanLoon",en,"[{'screen_name': 'paula_piccard', 'name': 'paula piccard', 'id': '291831562'}, {'screen_name': 'ronald_vanloon', 'name': 'ronald van loon', 'id': '555031989'}]",['https://bit.ly/2PZz1c6'],[],0,2,1,"['ai', 'artificialintelligence', 'machinelearning', 'deeplearning', 'algorithm']",[],https://twitter.com/TrendingNews_7/status/1384085209545547776,False,,0,,,,,,,,[],,,,
1384085179761709060,1384085179761709060,2021-04-19 15:33:16 India Standard Time,2021-04-19,15:33:16,+0530,735403769974947840,twinybots,TwinyBots,,Implying AI in Business to Evolve from Minimum to Million #ArtificialIntelligence   https://t.co/soUeXoj6M7,en,[],['https://www.analyticsinsight.net/implying-ai-in-business-to-evolve-from-minimum-to-million/'],[],0,0,0,['artificialintelligence'],[],https://twitter.com/Twinybots/status/1384085179761709060,False,,0,,,,,,,,[],,,,
1384085158341451782,1384085158341451782,2021-04-19 15:33:11 India Standard Time,2021-04-19,15:33:11,+0530,963495628545327104,stckpro,STCK.PRO,,"$RDNT NEW ARTICLE : RadNet's Artificial Intelligence Subsidiary, DeepHealth, Announces FDA Clearance for its AI Mammography Triage Software  https://t.co/2vgnDeHyEE Get all the latest $RDNT related news here :  https://t.co/QniCB8g65s  https://t.co/trsU6ukm2h",en,[],"['https://www.stck.pro/news/RDNT/12405153', 'https://www.stck.pro/news/RDNT']",['https://pbs.twimg.com/media/EzVCHd7VgAUqS9-.jpg'],0,0,0,[],"['rdnt', 'rdnt']",https://twitter.com/StckPro/status/1384085158341451782,False,,1,https://pbs.twimg.com/media/EzVCHd7VgAUqS9-.jpg,,,,,,,[],,,,
1384085022139768834,1384085022139768834,2021-04-19 15:32:38 India Standard Time,2021-04-19,15:32:38,+0530,726415079516852225,steveklinko,Steven J. Klinko,,"If you believe Computations, Information, or Complexity will burst into Aware Consciousness during some sort of Technological Singularity then you are being scammed. #AI #ArtificialIntelligence #Mind #Consciousness #Philosophy",en,[],[],[],0,0,0,"['ai', 'artificialintelligence', 'mind', 'consciousness', 'philosophy']",[],https://twitter.com/SteveKlinko/status/1384085022139768834,False,,0,,,,,,,,[],,,,
1384085015135326208,1383932638663090178,2021-04-19 15:32:37 India Standard Time,2021-04-19,15:32:37,+0530,1115305698064306177,leseulj,leseulJMA,,@thehill After hearing all her bull..t I am definitely ready for artificial intelligence.Human ‚Äúintelligence‚Äùis to hard for me to understand !,en,[],[],[],0,0,0,[],[],https://twitter.com/LeseulJ/status/1384085015135326208,False,,0,,,,,,,,"[{'screen_name': 'thehill', 'name': 'The Hill', 'id': '1917731'}]",,,,
1384084994578993155,1384084994578993155,2021-04-19 15:32:32 India Standard Time,2021-04-19,15:32:32,+0530,176597920,kevinjaybe,Kevin Jacobs üáßüá™ üáµüá± üáÆüáπ üá™üá∫,,"$RDNT Radnet‚ÄôS Artificial Intelligence Subsidiary, Deephealth, Announces Fda Clearance For Its Ai Mammography Triage Software  https://t.co/sge0odcKJx",en,[],['http://www.globenewswire.com/news-release/2021/04/19/2212154/10985/en/RadNet-s-Artificial-Intelligence-Subsidiary-DeepHealth-Announces-FDA-Clearance-for-its-AI-Mammography-Triage-Software.html'],[],0,0,0,[],['rdnt'],https://twitter.com/kevinjaybe/status/1384084994578993155,False,,0,,,,,,,,[],,,,
1384084977696997376,1384084977696997376,2021-04-19 15:32:28 India Standard Time,2021-04-19,15:32:28,+0530,1262088816237645824,trendingnews_7,TrendingNews,,‚ÄòRobots can be our partners‚Äô #ArtificialIntelligence #robot  @AffinityInitia1   @AmitChampaneri1   @MikeLaurenson3   @CurieuxExplorer   @shanesmith30  https://t.co/VsuZLORihe,en,"[{'screen_name': 'affinityinitia1', 'name': 'affinity initiative', 'id': '1380805117813854208'}, {'screen_name': 'amitchampaneri1', 'name': 'amit champaneri', 'id': '307386087'}, {'screen_name': 'mikelaurenson3', 'name': 'mike laurenson', 'id': '1200361147557457921'}, {'screen_name': 'curieuxexplorer', 'name': 'dev khanna', 'id': '1249601030502756353'}, {'screen_name': 'shanesmith30', 'name': 'shane smith', 'id': '88975905'}]",['https://amp.theguardian.com/technology/2021/apr/17/ai-ethicist-kate-darling-robots-can-be-our-partners?__twitter_impression=true'],[],0,0,0,"['artificialintelligence', 'robot']",[],https://twitter.com/TrendingNews_7/status/1384084977696997376,False,,0,,,,,,,,[],,,,
1384084864324890627,1384084864324890627,2021-04-19 15:32:01 India Standard Time,2021-04-19,15:32:01,+0530,1069693680066420736,flashalert_me,Flash Alert,,"$RDNT [15s. delayed]: Issued Press Release on April 19, 06:00:00: RadNet‚Äôs Artificial Intelligence Subsidiary, DeepHealth, Announces FDA Clearance for its AI Mammography Triage Software  https://t.co/0qwkgJJkX4",en,[],['https://s.flashalert.me/FQyFx'],[],0,0,0,[],['rdnt'],https://twitter.com/FlashAlert_me/status/1384084864324890627,False,,0,,,,,,,,[],,,,
1384084779168014345,1384084779168014345,2021-04-19 15:31:41 India Standard Time,2021-04-19,15:31:41,+0530,1105343603717615616,huaweikenya,Huawei Kenya,,"Huawei Kenya and @UnescoEast have partnered to provide #ArtificialIntelligence training and Certifications to 71 University faculty members from Kenya, Ethiopia, Uganda, Rwanda and 4 other East African countries.  The training will run for 5 days starting today.  https://t.co/qTQczhQNKI",en,"[{'screen_name': 'unescoeast', 'name': 'unescoeastafrica', 'id': '892978453133373440'}]",[],"['https://pbs.twimg.com/media/EzU-_nzVEAED-u3.jpg', 'https://pbs.twimg.com/media/EzU_G_4VcAEXndT.jpg']",0,0,0,['artificialintelligence'],[],https://twitter.com/HuaweiKenya/status/1384084779168014345,False,,1,https://pbs.twimg.com/media/EzU-_nzVEAED-u3.jpg,,,,,,,[],,,,
1384084738638417922,1384084738638417922,2021-04-19 15:31:31 India Standard Time,2021-04-19,15:31:31,+0530,70936068,adveith,Adveith Nair,,An Abu Dhabi firm led by the UAE‚Äôs national security adviser has set up a venture with Israel‚Äôs Rafael Advanced Defense Systems to develop Artificial Intelligence and big data analysis for sectors including health and public safety.  https://t.co/e4jp2yJjzd,en,[],['https://www.bloomberg.com/news/articles/2021-04-19/uae-firm-led-by-key-royal-sets-up-data-jv-with-israel-s-rafael?sref=Kj44vHA3'],[],0,0,0,[],[],https://twitter.com/Adveith/status/1384084738638417922,False,,0,,,,,,,,[],,,,
1384084656870461445,1384084656870461445,2021-04-19 15:31:11 India Standard Time,2021-04-19,15:31:11,+0530,312111611,mss7676,Mike S. Sch√§fer,,"üì£Job Opportunity üì£PhD Position @uzh_ikmz #scicomm team  Want to do a 3yr PhD in an international research project on ""#IMAGINARIES OF ARTIFICIAL INTELLIGENCE"" w/ me, @Meg_Zeng @ckatzenbach et al?   More on project   https://t.co/CaDzlo7Ny3  Apply until May 3‚É£1‚É£. Detailsüëá  https://t.co/UP6JjRXpNI",en,"[{'screen_name': 'uzh_ikmz', 'name': 'ikmz', 'id': '778109513270489088'}, {'screen_name': 'meg_zeng', 'name': 'meg jing zeng', 'id': '627987302'}, {'screen_name': 'ckatzenbach', 'name': 'christian katzenbach', 'id': '16327532'}]",['https://www.ikmz.uzh.ch/en/research/divisions/science-crisis-and-risk-communication/project_overview/project_ai0.html'],"['https://pbs.twimg.com/media/EzU_AyvVUAY-cLg.jpg', 'https://pbs.twimg.com/media/EzU_AysVoAU8Ooa.jpg']",0,11,13,"['scicomm', 'imaginaries']",[],https://twitter.com/mss7676/status/1384084656870461445,False,,1,https://pbs.twimg.com/media/EzU_AyvVUAY-cLg.jpg,,,,,,,[],,,,
